fname,label,Acoustic_guitar,Bass_drum,Cello,Clarinet,Double_bass,Flute,Hi-hat,Saxophone,Snare_drum,Violin_or_fiddle,y_pred
5388d14d.wav,Saxophone,9.962524018192198e-06,0.00047617877135053277,0.002231534570455551,5.0387105147819966e-05,0.00012899779540020972,0.023073595017194748,1.9259772670920938e-05,0.9519339799880981,0.0003878199786413461,0.02168814092874527,Saxophone
c685f05f.wav,Saxophone,0.0001349286176264286,0.00030754084582440555,0.007561997976154089,0.025432758033275604,9.318345109932125e-05,0.010956691578030586,7.394303247565404e-05,0.9046143293380737,5.385165786719881e-05,0.05077073350548744,Saxophone
36d20ab5.wav,Saxophone,1.5629704648745246e-05,1.2418785217960249e-06,0.00020685915660578758,0.001289469306357205,1.1794057854785933e-06,0.0008387908455915749,1.7305627864061535e-07,0.9970664381980896,5.686081203748472e-05,0.0005234741256572306,Saxophone
d6665734.wav,Saxophone,0.0021131495013833046,6.021884473739192e-06,0.015217278152704239,0.00402484554797411,5.531019996851683e-05,0.01645418256521225,1.6120532109198393e-06,0.9289661645889282,0.007363481912761927,0.025798099115490913,Saxophone
7352e28f.wav,Saxophone,1.1660044037853368e-05,1.875019473018824e-09,0.00042045064037665725,0.0012053423561155796,6.491987278423039e-06,0.1314333826303482,5.781645384672629e-09,0.8668319582939148,7.438211824251084e-09,9.074288391275331e-05,Saxophone
8fa096bf.wav,Saxophone,0.000983080011792481,0.00010347994975745678,0.001265124068595469,0.004151621833443642,0.0019241204718127847,0.00041621067794039845,6.468192441388965e-05,0.9856703877449036,0.001223885454237461,0.004197495989501476,Saxophone
2f9c5f62.wav,Saxophone,2.3556524411105784e-06,2.8405713545232025e-11,5.046014805998311e-08,0.04939140006899834,2.8495173864939716e-06,0.002681696554645896,1.30451480728766e-08,0.9397680163383484,0.007819436490535736,0.000334266951540485,Saxophone
9cd05a2b.wav,Saxophone,2.5881936380756088e-06,7.50714512776085e-09,0.0005134044331498444,0.00012239623174536973,4.5595962205879914e-07,0.009369708597660065,1.5501646544180403e-07,0.9881298542022705,0.0006567614036612213,0.0012045942712575197,Saxophone
ab465bf9.wav,Saxophone,2.5714211915328633e-06,8.6209352156974e-11,9.88168764592956e-08,6.50863948976621e-05,7.860136065573897e-06,0.028088394552469254,2.0897187980040144e-08,0.9718143343925476,2.4139444576576352e-06,1.926851473399438e-05,Saxophone
c40632d7.wav,Saxophone,0.005906600970774889,5.513996370609675e-07,0.00465815793722868,0.03168372064828873,6.516198936878936e-06,0.02174118533730507,1.1624825674516615e-05,0.9206935167312622,0.01319847721606493,0.002099747071042657,Saxophone
3a80061f.wav,Saxophone,0.0048485747538506985,7.670434570172802e-05,0.0021806000731885433,0.02350991778075695,2.648518238856923e-05,0.01849851757287979,9.750908066052943e-05,0.9292352795600891,0.0015504308976233006,0.019976144656538963,Saxophone
dba6817d.wav,Saxophone,0.00043060790630988777,4.8606274560825113e-08,0.003270800458267331,0.003521240083500743,4.832414788324968e-07,0.0020747180096805096,6.175899216032121e-06,0.9868248701095581,0.0007038878975436091,0.0031672408804297447,Saxophone
25f26095.wav,Saxophone,7.2766924859024584e-06,1.0912542165897321e-05,0.0002165601181332022,0.0015045460313558578,1.8443912495058612e-06,0.0022603683173656464,2.4307990315719508e-05,0.9895639419555664,0.005424515809863806,0.0009857940021902323,Saxophone
37cebbd4.wav,Saxophone,1.2458477840482374e-06,1.812989935956466e-08,1.721462103887461e-05,5.085932571091689e-05,2.6590872948872857e-05,0.003777257166802883,0.0001914774184115231,0.9958244562149048,2.3422725803357025e-07,0.00011052227637264878,Saxophone
f8d96888.wav,Saxophone,0.011213306337594986,2.1197627120272955e-06,0.004104871302843094,0.03602517768740654,4.682934104494052e-06,0.002219743560999632,4.3940119098806463e-07,0.8939439654350281,0.01573997735977173,0.03674563020467758,Saxophone
d94c94f0.wav,Saxophone,0.001841770252212882,2.936252940344275e-06,0.0006164046935737133,0.0026666689664125443,3.357662535563577e-06,9.214433521265164e-05,9.169521945295855e-06,0.9874890446662903,0.0018464578315615654,0.0054321689531207085,Saxophone
ec6afeb6.wav,Saxophone,4.324383837683854e-07,2.5860789204523726e-11,1.907384103105869e-06,7.960384209582116e-06,0.0014824509853497148,0.00010308640048606321,4.004848674910022e-10,0.9983376264572144,1.7810694430409058e-07,6.660896178800613e-05,Saxophone
5f0dc8e4.wav,Saxophone,2.721096097957343e-05,8.507680978538958e-16,8.783854354987852e-07,0.13315363228321075,1.3199876036651403e-07,0.00046810423373244703,2.1130894367615838e-08,0.8662389516830444,6.462883902713656e-05,4.635894583771005e-05,Saxophone
b8c0a88a.wav,Saxophone,0.0006460502627305686,6.862612167424231e-08,0.02633708156645298,0.007584337145090103,1.293263835577818e-06,0.013325079344213009,3.147351712584623e-09,0.9518375396728516,3.097173248534091e-05,0.00023767875973135233,Saxophone
96dad435.wav,Saxophone,0.0013606880092993379,3.605088920721755e-07,2.870958496714593e-06,0.012523331679403782,0.0005439173546619713,0.010333647951483727,6.156407721391588e-07,0.9751360416412354,2.6030344088212587e-05,7.264334271894768e-05,Saxophone
b120dc90.wav,Saxophone,9.89038835541578e-06,0.0010372260585427284,0.0003907867940142751,0.002399842021986842,0.0013588211731985211,0.0037740268744528294,8.769332634983584e-05,0.9841468334197998,0.00035103593836538494,0.006443908903747797,Saxophone
c1948f24.wav,Saxophone,1.9454650100669824e-05,1.5254066454417625e-08,0.0002191846288042143,0.0009659391362220049,1.0594843843136914e-05,0.06427741795778275,1.7141163652922842e-06,0.9344640374183655,3.0704786269097895e-08,4.176533911959268e-05,Saxophone
ac097834.wav,Saxophone,6.295937782851979e-05,4.315911610319745e-07,0.025315403938293457,0.0468415729701519,7.561829079349991e-06,0.00974156055599451,1.511440018475696e-06,0.9156118035316467,0.00017063379345927387,0.002246557967737317,Saxophone
4345851e.wav,Saxophone,0.011523638851940632,9.463109563512262e-06,0.011981726624071598,0.009979644790291786,8.45790418679826e-06,0.005126789212226868,3.56798352640908e-07,0.9194980263710022,0.00770909246057272,0.03416294977068901,Saxophone
5d4f8187.wav,Saxophone,8.309887925861403e-05,4.0114144212566316e-05,0.0004125548875890672,0.003799353027716279,0.0012602729257196188,0.0010715839453041553,3.841764737444464e-06,0.9927968382835388,4.90134370920714e-05,0.00048340854118578136,Saxophone
b83049f4.wav,Saxophone,2.8413234758772887e-05,2.158652250727755e-06,8.954905206337571e-05,0.013310606591403484,0.002144761849194765,0.00016401840548496693,8.504219977112371e-07,0.9841788411140442,1.7382646547048353e-05,6.356869562296197e-05,Saxophone
c1c3c8b9.wav,Saxophone,0.0008425760897807777,2.03778853347103e-07,4.9543159548193216e-05,0.0006666218978352845,0.006677956320345402,0.003888004692271352,2.4791082964270572e-08,0.9856442213058472,7.644117516747428e-08,0.0022305829916149378,Saxophone
78a86075.wav,Saxophone,0.002228587632998824,5.6319040595553815e-06,0.018090398982167244,0.0173345860093832,0.00014007514982949942,0.006911916192620993,2.0971388892121468e-07,0.9550760984420776,0.00010329796350561082,0.00010925148671958596,Saxophone
f0d315bc.wav,Saxophone,0.0018680578796193004,8.23258883286826e-09,0.017383886501193047,0.0006737778894603252,3.810571058693313e-08,0.0006312718032859266,1.582578619263586e-07,0.9626195430755615,0.015646614134311676,0.0011767270043492317,Saxophone
9c0838c1.wav,Saxophone,0.001379147870466113,2.8791430395358475e-06,0.014180093072354794,0.0038076797500252724,2.0672798200394027e-05,0.012373358942568302,6.920818577782484e-06,0.9272488355636597,0.005820250138640404,0.03516034036874771,Saxophone
d6144e01.wav,Violin_or_fiddle,1.202321016080532e-07,4.19855603846562e-17,2.2058322182716417e-11,0.0006835561944171786,2.6299546308089505e-13,3.1730493788018066e-08,4.12685694755055e-05,5.1736278692260385e-06,1.443658748101484e-09,0.9992698431015015,Violin_or_fiddle
cfb9c5fd.wav,Violin_or_fiddle,0.007865754887461662,0.003968694247305393,0.022863492369651794,0.026254545897245407,0.0017381820362061262,0.01076108030974865,0.0012409238843247294,0.013253526762127876,0.07330681383609772,0.8387470245361328,Violin_or_fiddle
c6865306.wav,Violin_or_fiddle,0.054018549621105194,4.231706611790287e-07,0.025113703683018684,0.008967146277427673,0.0001995217171497643,0.013743298128247261,0.0003262725658714771,0.02189459092915058,0.012300415895879269,0.8634362816810608,Violin_or_fiddle
642aba58.wav,Violin_or_fiddle,0.019266298040747643,6.825444415881066e-06,0.0005164129543118179,0.0010624065762385726,1.5438241462106816e-05,0.005257812328636646,4.167104179941816e-06,0.07689783722162247,3.653339808806777e-05,0.896936297416687,Violin_or_fiddle
848faca3.wav,Violin_or_fiddle,4.958573845215142e-05,6.6959410105482675e-06,0.0016528649721294641,0.0030578721780329943,4.290179276722483e-05,0.0005987511831335723,1.0947602277155966e-05,0.03492509201169014,0.00019067329412791878,0.9594645500183105,Violin_or_fiddle
7eb9dac0.wav,Violin_or_fiddle,0.005038668401539326,0.0004192020569462329,0.012402191758155823,0.02131723426282406,0.0012506293132901192,0.007361277937889099,0.00023276898718904704,0.0009449541685171425,0.021498946473002434,0.9295344948768616,Violin_or_fiddle
8d7d7dba.wav,Violin_or_fiddle,0.002962060971185565,8.684222848387435e-05,0.01998039335012436,0.050951361656188965,9.255667100660503e-05,0.0035089319571852684,0.0003345622099004686,0.01526698563247919,0.002551896497607231,0.904264509677887,Violin_or_fiddle
2424ad60.wav,Violin_or_fiddle,0.0006674910546280444,0.0011326042003929615,0.008392625488340855,0.00708560599014163,0.0006863776943646371,0.014232780784368515,4.3409843783592805e-05,0.023742280900478363,0.00267581338994205,0.9413411617279053,Violin_or_fiddle
ba648ac1.wav,Violin_or_fiddle,0.0006792310741730034,1.1023730621673167e-05,0.002692449139431119,0.013347359374165535,9.332127956440672e-05,0.0006436555413529277,2.789834252325818e-05,0.00011001460370607674,0.004118217155337334,0.978276789188385,Violin_or_fiddle
2e4a9850.wav,Violin_or_fiddle,1.6020365364965983e-05,2.9407769552847185e-09,8.90871979208896e-06,2.5484254706498177e-08,7.612009113311391e-12,9.356314194519655e-07,5.126973064761842e-06,8.996603355626576e-06,2.2009506210451946e-05,0.9999379515647888,Violin_or_fiddle
2cc8683d.wav,Violin_or_fiddle,0.0245304424315691,0.00022365101904142648,0.009627357125282288,0.008622092194855213,0.0002532447106204927,0.002019715029746294,0.00010328935604775324,0.0023116713855415583,0.0027014128863811493,0.9496071338653564,Violin_or_fiddle
7b6a119e.wav,Violin_or_fiddle,5.4601103329332545e-05,9.163543701617982e-09,0.0005251951515674591,0.006018531043082476,1.0233713510388043e-05,0.03162982687354088,0.0004977393546141684,0.015964696183800697,0.0004238879482727498,0.9448753595352173,Violin_or_fiddle
68589f79.wav,Violin_or_fiddle,0.00035551993642002344,0.003911951556801796,0.029210079461336136,0.031110025942325592,0.0017747113015502691,0.00031046531512402,9.617386240279302e-05,0.0006533956620842218,0.00011443397670518607,0.9324633479118347,Violin_or_fiddle
fec00143.wav,Violin_or_fiddle,1.5516147868765984e-06,4.260980901449329e-09,4.433755748323165e-05,0.00010823670891113579,4.067078123171086e-07,0.0022946628741919994,1.2394880286592524e-06,0.0011029340093955398,9.611716222934774e-07,0.9964457154273987,Violin_or_fiddle
1b24c166.wav,Violin_or_fiddle,0.005375913809984922,0.0021943848114460707,0.06241346895694733,0.01577567495405674,0.01325868722051382,0.04795591160655022,0.0005623988690786064,0.01701345108449459,0.0008550847414880991,0.8345950841903687,Violin_or_fiddle
6eb59008.wav,Violin_or_fiddle,1.5497917047468945e-05,3.692053240911264e-08,4.893370714853518e-05,0.02759636379778385,8.284167961392086e-06,0.004118303302675486,0.00040248659206554294,0.0009542094776406884,0.004429081920534372,0.9624267816543579,Violin_or_fiddle
0e7cd4eb.wav,Violin_or_fiddle,0.024101797491312027,0.00019848879310302436,0.03211775794625282,0.004201504401862621,0.010269452817738056,0.0006507948273792863,5.750615309807472e-05,0.0025936353486031294,0.0005947835161350667,0.9252144694328308,Violin_or_fiddle
56e79c6f.wav,Violin_or_fiddle,0.0017569432966411114,6.76884539529965e-08,0.005325862672179937,0.007223342079669237,5.208761649555527e-06,0.03894765302538872,0.013054754585027695,0.009576207958161831,0.002415842842310667,0.9216940999031067,Violin_or_fiddle
cdc5fe8e.wav,Violin_or_fiddle,0.031854428350925446,8.887355215847492e-05,0.0018481825245544314,0.012097717262804508,0.0006094443378970027,0.03230606019496918,0.0004487867990974337,0.0012829549377784133,0.06491050124168396,0.8545530438423157,Violin_or_fiddle
b38409bb.wav,Violin_or_fiddle,4.799448106496129e-06,3.945872240063153e-10,4.2362748899904545e-06,0.0006250913138501346,7.127118895056128e-10,3.395474050194025e-05,1.1435604392318055e-06,2.3607869934494374e-06,3.694705810630694e-06,0.9993246793746948,Violin_or_fiddle
c8c117dc.wav,Violin_or_fiddle,0.01325632631778717,0.0001313483517151326,0.04584989324212074,0.001310213003307581,0.0008523526485078037,0.00016803636390250176,3.545091749401763e-05,0.013268670998513699,0.018553070724010468,0.9065746068954468,Violin_or_fiddle
b73c3595.wav,Violin_or_fiddle,5.240193559075124e-07,7.361009371487093e-12,3.4825759485102026e-06,0.003340525086969137,8.743108459441373e-10,0.0006302731344476342,2.837084123186173e-09,4.389176808672346e-07,4.5182372559793293e-05,0.9959794878959656,Violin_or_fiddle
d84c8c43.wav,Violin_or_fiddle,0.0006776984082534909,0.007130801677703857,0.017140299081802368,0.008187289349734783,0.004572639707475901,0.0005983044975437224,0.00018655211897566915,0.002787213306874037,0.00031329705961979926,0.9584059119224548,Violin_or_fiddle
d914225a.wav,Violin_or_fiddle,0.033178385347127914,2.417431096546352e-05,0.025359774008393288,0.0011614394607022405,6.599220068892464e-05,0.0010732808150351048,7.375480345217511e-05,0.00588033813983202,0.001140120322816074,0.9320427775382996,Violin_or_fiddle
1148986e.wav,Violin_or_fiddle,0.043594274669885635,3.184816250723088e-06,0.01782458834350109,0.00014588497288059443,0.00022093694133218378,0.00553596718236804,5.7867207942763343e-05,0.05938990041613579,0.02567882463335991,0.8475485444068909,Violin_or_fiddle
e3f479f3.wav,Violin_or_fiddle,0.002502703107893467,4.162262001727868e-08,0.0020296412985771894,0.023161010816693306,0.0001196804441860877,0.0058511169627308846,0.0046892850659787655,0.021064026281237602,0.0002083877770928666,0.9403743743896484,Violin_or_fiddle
aab28420.wav,Violin_or_fiddle,0.00012251916632521898,0.0033700226340442896,0.0238493662327528,0.0013274045195430517,0.002516002394258976,0.0005570219364017248,5.3964959079166874e-05,0.0003664800897240639,3.554776412784122e-05,0.9678018093109131,Violin_or_fiddle
21346775.wav,Violin_or_fiddle,0.002015311038121581,1.2716413948510308e-05,0.002096757525578141,0.010040261782705784,8.541801798855886e-05,0.0040170797146856785,4.8381560191046447e-05,0.0016849341336637735,0.004064376465976238,0.9759346842765808,Violin_or_fiddle
cdeece57.wav,Violin_or_fiddle,0.004007366951555014,8.438021723122802e-06,0.01454905979335308,0.00011893855116795748,2.1483372620423324e-05,0.030234957113862038,1.1458739209047053e-05,0.029751552268862724,2.889387133109267e-06,0.9212937355041504,Violin_or_fiddle
c9fb642d.wav,Violin_or_fiddle,0.00041178413084708154,1.5726627680123784e-05,0.005002678371965885,0.0042413282208144665,0.00034579570638015866,0.0008970072958618402,1.0695815944927745e-05,0.037493523210287094,0.0012273156316950917,0.9503541588783264,Violin_or_fiddle
078f7ac0.wav,Hi-hat,7.234941534761674e-09,3.28945109540936e-14,3.7680688430574705e-11,3.592996833390316e-08,1.7314510936117244e-10,1.2126553201596835e-06,0.9999986886978149,5.755649845617938e-10,1.871960186861088e-08,4.083502247453907e-08,Hi-hat
e897db78.wav,Hi-hat,5.45541433893959e-06,9.895483582122045e-15,1.0112704007525508e-09,6.104099838921684e-07,2.2811184052784483e-09,1.2111530445224616e-08,0.9999936819076538,1.0762704616418262e-10,1.9989149890875524e-08,2.0779445719654177e-07,Hi-hat
b31ed1fb.wav,Hi-hat,2.0172251424810383e-06,2.2422638745744905e-10,1.3485578209682103e-09,2.85110672848532e-07,4.119821497838849e-11,6.604217560379766e-06,0.9742987751960754,0.000479985901620239,0.025212040171027184,2.873521793844702e-07,Hi-hat
06c48eab.wav,Hi-hat,0.0001417360472260043,2.438754087563666e-09,1.4340558891490218e-06,2.1851457859156653e-05,3.54421757720047e-07,3.6575656849890947e-06,0.9995626211166382,1.4038295148566249e-06,0.00022433018602896482,4.28763814852573e-05,Hi-hat
2503aaa1.wav,Hi-hat,8.341729085259431e-07,4.379393694881701e-15,1.6153202386792742e-10,2.0006369538805302e-07,2.005082100353661e-09,2.8922364435857162e-05,0.9999691247940063,1.4108490375974725e-08,2.8353805969771884e-09,9.56705321186746e-07,Hi-hat
3d3439f1.wav,Hi-hat,5.7375646065338515e-06,4.692035673295632e-14,5.671835889842214e-09,1.919484020618256e-06,3.0203644030279975e-08,8.191897715725815e-10,0.9999910593032837,4.180007034948474e-11,1.0111465371664963e-06,3.1229234309648746e-07,Hi-hat
34a90030.wav,Hi-hat,1.911296454437661e-09,3.1544652567811306e-15,9.1578322702901e-10,1.2465764029911952e-06,8.805588480598203e-10,1.1940395339138377e-09,0.9999985694885254,1.962487672368951e-10,1.5151177187866516e-11,1.8573763327367487e-07,Hi-hat
da4b0379.wav,Hi-hat,3.946671323085127e-10,1.0852621217224299e-17,1.5650016005341882e-11,3.411771842820599e-08,2.0359262886682217e-11,1.2779453060010604e-12,1.0,7.519530787966633e-13,1.658600687348688e-11,1.003556016065943e-09,Hi-hat
a090c45a.wav,Hi-hat,7.179609771285067e-12,3.477547945282652e-18,3.979340457409969e-14,2.0514211485078704e-07,1.6747696708185184e-13,7.027131914555396e-12,0.9999998211860657,4.5445952231472353e-13,3.6239349299194146e-09,4.651639518016282e-09,Hi-hat
41897c32.wav,Hi-hat,0.0005598696880042553,2.0116926791047263e-08,6.888110510772094e-05,0.014948436059057713,2.563162979640765e-06,0.0006173745496198535,0.9541924595832825,0.0019319483544677496,0.025435641407966614,0.002242736052721739,Hi-hat
2032be87.wav,Hi-hat,2.0434917646916517e-10,6.278526371799687e-16,2.775414099931428e-11,9.227991540683433e-05,1.168061619649663e-10,3.6011895190313226e-06,0.9999040961265564,2.060480230881012e-09,1.413418271312139e-09,7.269619572980446e-08,Hi-hat
73677128.wav,Hi-hat,3.764228928559987e-09,1.6230913164097132e-18,1.4292565611931374e-13,1.4557505423340444e-08,1.3290941264232359e-11,3.045568419679512e-08,0.9999999403953552,7.2170468386201225e-12,3.0059024713757765e-11,8.37514146923013e-09,Hi-hat
c53a217e.wav,Hi-hat,7.079654640307353e-10,1.268385929989318e-17,3.245536218249301e-12,7.573914331260312e-07,3.985818342044922e-10,3.762957057062977e-09,0.9999992847442627,5.959041593506242e-11,2.6727166486939513e-12,3.264770143118767e-08,Hi-hat
f0dfe343.wav,Hi-hat,3.884601973425106e-09,7.492517023477419e-12,3.2520899306831552e-09,2.715964683375205e-06,5.616227968796572e-12,0.014390374533832073,0.9729655385017395,0.012584486044943333,1.9143415556754917e-05,3.774224023800343e-05,Hi-hat
0ed06544.wav,Hi-hat,2.948001565084013e-10,5.283231953831546e-16,2.3693714091416185e-12,2.5202234610333107e-06,2.693043531232231e-11,1.6946532355177624e-07,0.9999973773956299,1.0387985582838155e-08,3.989668317938566e-10,1.7089041293161245e-08,Hi-hat
99c96a07.wav,Hi-hat,5.4828191764499934e-08,1.8271588408946826e-10,3.1393318500327894e-10,6.421046805371589e-08,4.372526785090258e-09,2.475502753895853e-07,0.9994116425514221,1.66360756281847e-08,0.0005879636737518013,3.392515435240995e-10,Hi-hat
3a3d0279.wav,Hi-hat,4.163075661978155e-09,6.136325951219043e-16,5.229650046345569e-12,1.8743590771919116e-05,1.6380348466515926e-10,3.4498199436017174e-11,0.9999802112579346,4.9781487959643655e-11,8.775570563557267e-07,1.9027248754355242e-07,Hi-hat
612702c3.wav,Hi-hat,8.89145553628623e-07,1.08023435252321e-15,2.8720383848934716e-09,2.2912257691132254e-07,1.4316477690845542e-11,5.9063018852612004e-05,0.9999381303787231,7.086957687363338e-10,1.429986511147785e-11,1.8244450075144414e-06,Hi-hat
d6854eb4.wav,Hi-hat,0.00127541518304497,0.00014441704843193293,0.007173408288508654,0.017924588173627853,0.00025521795032545924,0.007967905141413212,0.9154947996139526,0.019912367686629295,0.02201138809323311,0.007840514183044434,Hi-hat
52300f9b.wav,Hi-hat,1.0920021831228865e-10,2.0417004980395007e-15,2.6658456692141286e-11,1.8108376025338657e-06,1.1542587025070716e-10,4.45289027872775e-10,0.9999982118606567,1.1938199040439912e-10,2.2301332655572104e-11,4.4494271378425765e-08,Hi-hat
09a1cfd7.wav,Hi-hat,3.422583540668711e-05,1.054707468822573e-14,4.224244065653693e-09,9.27062410482904e-06,8.079126700977213e-08,9.44676248337828e-09,0.9999557137489319,2.1978087405560842e-10,6.033146178197057e-07,9.245258070222917e-08,Hi-hat
3aafb6ad.wav,Hi-hat,0.0013222317211329937,4.730049685264248e-11,1.1345229644632582e-08,0.0004719597054645419,2.3937291260267557e-08,3.324142653582385e-06,0.9970883727073669,1.4698927770950831e-05,9.151099948212504e-05,0.0010079100029543042,Hi-hat
493c247b.wav,Hi-hat,1.1083862716532167e-08,4.889843304572983e-12,1.6240696565361645e-09,0.00036054514930583537,1.7233444671305165e-09,3.3814014841482276e-06,0.9996190071105957,5.0615458491165555e-08,3.7202987357431994e-08,1.710152719169855e-05,Hi-hat
5ec7ad26.wav,Hi-hat,6.348968599922955e-05,3.813746207725899e-09,8.875945667341512e-08,1.6373043763451278e-05,1.2818645700463094e-07,1.6573067114222795e-06,0.9998225569725037,3.681573161884444e-07,8.914896170608699e-05,6.095492153690429e-06,Hi-hat
a1b369d7.wav,Hi-hat,0.0004238826804794371,1.3175814501664718e-06,8.513182547176257e-05,0.00461590476334095,2.8965481760678813e-05,0.0003158361651003361,0.9578827619552612,0.0003399758134037256,0.03623942285776138,6.679150101263076e-05,Hi-hat
8cd809d3.wav,Hi-hat,1.643845450871595e-07,8.071912582785501e-11,3.951199367691061e-09,2.240710637124721e-05,1.105497249298537e-09,1.8129993577531422e-06,0.9957164525985718,0.0020919202361255884,0.002149414038285613,1.7801570720621385e-05,Hi-hat
aed9d22f.wav,Hi-hat,2.0755519525295085e-09,4.022398247816028e-10,1.3231352125053775e-10,2.1389269022620283e-07,8.523043382169249e-11,2.5196570277330466e-05,0.9999046325683594,2.829192169429007e-07,6.965362990740687e-05,1.5494531879767237e-08,Hi-hat
a7964699.wav,Hi-hat,5.857496603312029e-07,5.965446192579549e-11,2.4305004231450766e-08,0.00017212105740327388,2.258565556800818e-09,2.3812697691028006e-05,0.9947628974914551,0.0006869028438813984,1.0213687346549705e-05,0.004343525972217321,Hi-hat
da3f8050.wav,Hi-hat,1.340244671155233e-05,3.0617151067051374e-13,1.6026360682985796e-08,0.00291505572386086,1.4246937780626467e-06,9.550209506414831e-05,0.9969057440757751,3.0892842914909124e-05,4.86236149299657e-06,3.311394902993925e-05,Hi-hat
468f9c4c.wav,Hi-hat,2.1274883692967705e-05,7.574362115292388e-08,0.0003686149138957262,0.0007266043685376644,2.24670452553255e-06,0.0025304872542619705,0.9818219542503357,9.721310561872087e-06,0.014467702247202396,5.13856575707905e-05,Hi-hat
229be2be.wav,Snare_drum,6.0423253671615385e-06,5.483053247545833e-12,1.1914641495636147e-09,8.6994313974742e-09,1.1619575440713348e-10,2.050641967343836e-08,4.7002722567413e-06,1.512285741078756e-09,0.9999892711639404,3.8161402926562005e-09,Snare_drum
b6cbc6a9.wav,Snare_drum,1.6122464474577214e-11,1.946134442834535e-12,2.852958104135328e-12,1.5652040427638347e-11,6.351947505305044e-13,2.489518036163929e-10,1.5857787616369023e-07,2.6564862309896853e-08,0.9999998211860657,1.5343673553935844e-10,Snare_drum
ae7d1c37.wav,Snare_drum,0.007484043948352337,3.3456612413829134e-07,0.002758229151368141,4.4146779032416816e-07,1.667405740590766e-06,3.531684114932432e-06,3.1833216063148484e-09,0.03456462174654007,0.9551851153373718,2.111055891873548e-06,Snare_drum
82d4fb44.wav,Snare_drum,5.0339334848104045e-05,2.1307251518720705e-09,1.6365322430544893e-09,4.408296376823273e-07,2.287262468314566e-08,4.250245524417551e-07,0.013548343442380428,9.91366732705501e-07,0.9863964915275574,3.036790758415009e-06,Snare_drum
4c590f69.wav,Snare_drum,4.270113640814088e-05,1.3286292066538863e-09,4.756816906592576e-06,1.6621161194052547e-05,1.2883566569144023e-07,0.00028641297831200063,4.3412399008957436e-07,8.103083928290289e-06,0.9996377825737,3.07109507957648e-06,Snare_drum
1c9a423f.wav,Snare_drum,3.900063383355246e-09,8.508947557492899e-17,6.250425958059802e-12,3.42858442081706e-07,1.3980509458444423e-11,1.35227662667603e-06,6.900092053285789e-09,2.8498212678584878e-09,0.9999982714653015,2.5052226959587642e-08,Snare_drum
f0727eac.wav,Snare_drum,9.893673337188491e-13,1.9811131630586426e-13,7.265564018477111e-13,2.6602463287783706e-11,3.9420413086380666e-16,5.820111326215738e-08,6.435826071538031e-05,2.401281449238013e-07,0.9999353289604187,1.2963706497171046e-10,Snare_drum
31db8c5e.wav,Snare_drum,0.00042825762648135424,1.2469261889691552e-07,8.132125367410481e-05,3.9853992461758025e-07,1.777413103809522e-06,6.763422334188363e-06,6.619101895921631e-06,9.874775423668325e-05,0.9989998936653137,0.00037607515696436167,Snare_drum
b86b5a96.wav,Snare_drum,7.093102283306507e-08,5.861935936657403e-11,1.1631036411774431e-10,3.387239794205854e-11,6.060774104810207e-11,5.773032185629745e-08,5.060773133891416e-09,2.519431916425674e-07,0.9999996423721313,1.3543255406034405e-10,Snare_drum
6fca680b.wav,Snare_drum,0.004748824518173933,5.082438292447478e-07,0.00025035551516339183,0.0002838767250068486,0.000679513206705451,1.1920774340978824e-05,3.378350399430019e-08,0.001472266623750329,0.9924991130828857,5.364715980249457e-05,Snare_drum
1bc8eae1.wav,Snare_drum,7.567828106402885e-07,8.814353136266107e-10,8.693581321495003e-08,7.394848466901749e-08,1.6504310140774692e-09,2.815434072545031e-07,5.719670070902794e-07,0.0010968928690999746,0.9989009499549866,5.113179213367403e-07,Snare_drum
46b52f97.wav,Snare_drum,9.881245688347917e-08,6.650883728302748e-13,5.900693054172734e-07,9.686190423963126e-06,7.470964125122492e-11,8.745398372411728e-05,1.6495417867190554e-06,3.161226777592674e-05,0.999862015247345,6.955557182664052e-06,Snare_drum
0c67f402.wav,Snare_drum,8.420024641964119e-07,1.2142786331992284e-08,3.385770241948194e-08,8.001075002539437e-08,1.9427912056890762e-10,2.5086379537242465e-05,6.89144505350292e-11,0.00020816946926061064,0.999763548374176,2.2825909127277555e-06,Snare_drum
c8ecbbfd.wav,Snare_drum,2.7251914502812724e-07,2.0719146398562316e-09,4.633824119082419e-06,1.2219193195051048e-05,1.4302071527083626e-08,3.1943385693011805e-05,1.0006670159157238e-08,2.3259022782440297e-05,0.9999273419380188,2.3138430549352051e-07,Snare_drum
9f84ea5a.wav,Snare_drum,0.10517437011003494,2.151248956749896e-09,0.002569082658737898,0.004931154195219278,0.0007202615961432457,0.004457436967641115,4.8780029828776605e-06,0.0013441982446238399,0.8807919025421143,6.659251539531397e-06,Snare_drum
e4958adc.wav,Snare_drum,3.760747495107353e-05,3.1602485961457205e-08,8.737324242247269e-05,4.794133474206319e-06,4.8073642844315145e-09,5.4031637830576074e-08,3.1890564407971445e-12,5.558252087212168e-05,0.999814510345459,4.177380663605845e-09,Snare_drum
5ce40b1b.wav,Snare_drum,1.3858045804227004e-06,1.7071553892744618e-10,2.5421032390227083e-08,1.6230965460550806e-09,5.694911764386745e-10,7.425277281924991e-09,1.4562120398409206e-08,9.804740130903156e-08,0.9999985098838806,2.884528726987412e-10,Snare_drum
9d308738.wav,Snare_drum,2.3361262435628305e-07,7.789432743265934e-07,3.5878179005521815e-07,1.0576162168263181e-08,2.0991461902042374e-09,7.293964154087007e-05,7.685463287998573e-07,0.0027544950135052204,0.9971569776535034,1.3384357771428768e-05,Snare_drum
1e3391d5.wav,Snare_drum,0.0003575465234462172,2.3950448735376995e-08,1.331440557805763e-06,0.01940198615193367,4.617480044544209e-06,1.159599136713041e-07,7.401894375203e-11,0.0011024817358702421,0.9791241884231567,7.773535799060483e-06,Snare_drum
ff3f21e7.wav,Snare_drum,0.0001067052799044177,2.181992808658606e-09,1.517571490694536e-06,1.020320451061707e-05,3.011173177469573e-08,7.997714419616386e-05,9.377384913022979e-07,0.00022608411381952465,0.9990614056587219,0.0005131837096996605,Snare_drum
b68f10af.wav,Snare_drum,0.00037283924757502973,1.8484379324945621e-06,2.2005257051205263e-05,0.0005448113079182804,5.258189048618078e-07,0.0006019818829372525,2.0357776520540938e-05,0.0001336490677203983,0.9982877969741821,1.4430850569624454e-05,Snare_drum
e8e00924.wav,Snare_drum,6.538418233503762e-07,4.310616585900817e-10,2.8624072001548484e-07,1.404248308745082e-07,5.239705558324204e-09,0.0001844656653702259,2.5566021122358507e-07,2.4204873625421897e-05,0.9997767210006714,1.3242221939435694e-05,Snare_drum
22e1c02c.wav,Snare_drum,0.00018511852249503136,2.221411023128894e-06,0.0006424713646993041,5.707390664611012e-05,0.00020448211580514908,0.002138920361176133,1.7248656149604358e-05,0.001777363009750843,0.9848926067352295,0.010082452557981014,Snare_drum
5c33d972.wav,Snare_drum,0.03859482333064079,0.0013046858366578817,0.02216002158820629,0.005333347711712122,0.001666705822572112,0.0005999850109219551,0.00024096237029880285,0.0011617339914664626,0.9031853675842285,0.025752469897270203,Snare_drum
9320c55f.wav,Snare_drum,8.423892722930759e-05,6.299326287262375e-07,0.0003596392343752086,5.36093175469432e-05,4.527879809756996e-06,2.9810516934958287e-05,7.021817145869136e-05,0.0002949050976894796,0.998974084854126,0.00012831183266825974,Snare_drum
f1754aea.wav,Snare_drum,0.007966364733874798,3.046374956738873e-07,1.2754873068843153e-06,9.881447340376326e-07,5.34311439537305e-09,3.108856617473066e-05,6.446648058044957e-06,1.275808517675614e-05,0.991980791091919,4.320141400171451e-08,Snare_drum
b218444c.wav,Snare_drum,0.005534325260668993,6.224096978257876e-06,0.003414168721064925,0.0008461287943646312,0.0004811067192349583,0.00019823673937935382,9.140074297420142e-08,0.001356785767711699,0.9878178834915161,0.000345086504239589,Snare_drum
36d06cc0.wav,Snare_drum,0.0006506249774247408,7.150426029056689e-09,3.6163572758596274e-07,2.1852701870272995e-09,5.882102444010329e-11,7.176272731612698e-08,2.90682165837719e-11,0.0013226410374045372,0.9980254173278809,8.740856287658971e-07,Snare_drum
4c4d4797.wav,Snare_drum,3.820015081146266e-06,9.807372335036632e-14,1.3400541320152115e-05,0.00021594816644210368,2.124784570511906e-09,0.004140354227274656,3.680942661787867e-09,6.16317129242816e-06,0.9956201910972595,7.598166007483087e-08,Snare_drum
cae0d841.wav,Snare_drum,4.3592879706011445e-07,8.66138707115863e-15,8.843094589927603e-10,5.7539582485333085e-05,4.253311480795219e-09,9.203413355862722e-07,8.340418571606278e-05,1.8960167835757602e-07,0.9998552203178406,2.344942458876176e-06,Snare_drum
17f82c05.wav,Acoustic_guitar,0.6815523505210876,0.00405022082850337,0.1695878654718399,0.010740832425653934,0.07975433021783829,0.0012484228936955333,0.00026496348436921835,0.02002362534403801,0.012716014869511127,0.02006135694682598,Acoustic_guitar
0eeaebcb.wav,Acoustic_guitar,0.9774008989334106,2.6177991330200712e-08,0.0034998240880668163,0.0035438190679997206,9.780822438187897e-06,0.004809109959751368,1.9316598809382413e-07,0.00019547021656762809,0.01051128376275301,2.954343472083565e-05,Acoustic_guitar
e92bf0fa.wav,Acoustic_guitar,0.9963638782501221,1.7781088823554114e-09,0.0007905057282187045,4.30684449383989e-05,4.099323268746957e-05,0.002258861670270562,2.8646498506645912e-09,0.00035517592914402485,1.263973354070913e-05,0.00013507083349395543,Acoustic_guitar
10da16fb.wav,Acoustic_guitar,0.988544225692749,5.289179649814457e-10,0.0002575411053840071,0.0044364770874381065,3.832318498098175e-07,0.0006460424046963453,1.5418403220834875e-09,0.003204463981091976,0.0018854154041036963,0.0010256634559482336,Acoustic_guitar
a25423a8.wav,Acoustic_guitar,0.8243089914321899,2.8721924536512233e-05,0.0025438955053687096,0.014441307634115219,0.1342194527387619,0.0028550103306770325,2.9040240860922495e-06,0.014078142121434212,0.002589925192296505,0.004931624047458172,Acoustic_guitar
16c9a838.wav,Acoustic_guitar,0.9435147047042847,2.840817785454419e-07,3.0416505978791974e-05,0.046254973858594894,2.7046151444665156e-05,0.009302022866904736,1.0220639889979566e-09,4.000754779553972e-05,2.5173636686304235e-07,0.0008302771020680666,Acoustic_guitar
70ca9c77.wav,Acoustic_guitar,0.904005229473114,3.662647145574738e-07,0.014476917684078217,0.03572031855583191,0.04125550389289856,0.0015291948802769184,2.952811655632104e-06,0.00010391413525212556,0.0028125576209276915,9.317858348367736e-05,Acoustic_guitar
38216fad.wav,Acoustic_guitar,0.9655722975730896,7.676322275074199e-05,0.008883533999323845,0.009090067818760872,0.0006177340401336551,0.00047235601232387125,5.2905106713296846e-06,0.0025699911639094353,0.003473311197012663,0.00923869851976633,Acoustic_guitar
d8a257e5.wav,Acoustic_guitar,0.9592137932777405,0.0002479318354744464,0.006473722402006388,0.013881925493478775,0.0021546590141952038,0.0019595366902649403,0.0005756891914643347,0.002067320980131626,0.011267339810729027,0.0021581195760518312,Acoustic_guitar
7506dcc4.wav,Acoustic_guitar,0.9496541023254395,2.5686697213700427e-09,2.642827467980169e-08,0.035748131573200226,0.014469512738287449,8.944032742874697e-05,2.990935570323927e-07,6.232385771909321e-07,2.7863137802341953e-05,1.0186746294493787e-05,Acoustic_guitar
a6728901.wav,Acoustic_guitar,0.8749164342880249,2.110478111716496e-11,0.00016860742471180856,0.0007859215256758034,1.624631522645359e-06,0.12235484272241592,2.1112968170200475e-05,0.0009806198067963123,1.31538252512442e-10,0.0007707680342718959,Acoustic_guitar
b88322f6.wav,Acoustic_guitar,0.9790959358215332,1.4490229659713805e-05,0.002192022046074271,5.746040642407024e-06,0.0001100924055208452,0.00013093331654090434,2.276532171663348e-07,0.013336274772882462,0.0049126241356134415,0.0002018201630562544,Acoustic_guitar
35039ae1.wav,Acoustic_guitar,0.9993166327476501,4.3274823724459566e-08,0.00028736863168887794,1.593469164618e-06,9.411480277776718e-06,0.00021879900305066258,0.00010951735748676583,8.53520668897545e-06,3.1634908737032674e-06,4.4929427531315014e-05,Acoustic_guitar
236cbab1.wav,Acoustic_guitar,0.8469952940940857,8.640710439067334e-05,0.007838241755962372,0.04481958970427513,0.07274641841650009,0.00016315121320076287,6.057523478375515e-06,0.0021968234796077013,0.025060128420591354,8.779884956311435e-05,Acoustic_guitar
0356dec7.wav,Acoustic_guitar,0.9122847318649292,0.00020180574210826308,0.010207089595496655,0.0039741164073348045,0.006083968561142683,0.0007903993828222156,1.1347571671649348e-05,0.014214097522199154,0.021059298887848854,0.031173041090369225,Acoustic_guitar
bb1f5874.wav,Acoustic_guitar,0.9715936779975891,7.618622177574252e-09,0.00011196149716852233,0.000570699165109545,0.00011865206761285663,0.000517001433763653,1.621443630028807e-06,0.023077892139554024,0.0008150272769853473,0.003193410811945796,Acoustic_guitar
34747922.wav,Acoustic_guitar,0.9607061147689819,2.3625810641192402e-08,0.00253472407348454,7.508305134251714e-05,1.1389348628654261e-06,0.002529076300561428,6.67408894514665e-05,0.007206028327345848,0.0046925293281674385,0.022188767790794373,Acoustic_guitar
44fb3eeb.wav,Acoustic_guitar,0.9657164812088013,7.718125516475993e-07,0.023904846981167793,0.00039710328564979136,1.2062874702678528e-05,0.0008976923418231308,4.2552519516902976e-06,0.007844456471502781,0.0008892982732504606,0.00033311641891486943,Acoustic_guitar
367ad7b1.wav,Acoustic_guitar,0.9540619254112244,3.820223810180323e-06,0.0017182232113555074,0.0028180251829326153,0.002802465343847871,0.02248939871788025,0.00026209771749563515,0.011739686131477356,0.0018462397856637836,0.0022579783108085394,Acoustic_guitar
160c92d7.wav,Acoustic_guitar,0.9701917171478271,2.6643957873329072e-11,0.009546029381453991,0.0012119191233068705,5.039143857743511e-08,0.017957104369997978,1.7505327742917132e-10,3.02678545267554e-05,2.5486875529168174e-05,0.0010373929981142282,Acoustic_guitar
2016d256.wav,Acoustic_guitar,0.8652470707893372,1.3673353428144426e-18,2.0107873699437562e-11,0.1346946805715561,6.845795752496997e-08,5.141624205862172e-05,1.5540183539997088e-07,3.644295247795526e-07,2.841453010660189e-07,6.0432826103351545e-06,Acoustic_guitar
fc55d588.wav,Acoustic_guitar,0.9563626646995544,7.447564343010526e-08,0.0041419523768126965,0.005427422933280468,0.00041406406671740115,0.004825185518711805,1.0390626812295523e-06,0.023193348199129105,0.0035360786132514477,0.0020982548594474792,Acoustic_guitar
c7846d27.wav,Acoustic_guitar,0.920452892780304,3.3011059485943406e-07,0.0008772305445745587,0.004473337437957525,1.3373228568980267e-07,0.01067707221955061,0.0009835816454142332,0.00019687112944666296,0.0011223388137295842,0.06121625006198883,Acoustic_guitar
55822aae.wav,Acoustic_guitar,0.971584141254425,6.019087663844402e-07,0.0008423341205343604,0.024044867604970932,0.0004114947805646807,0.002766402903944254,1.113008011088823e-06,2.2402367903850973e-05,0.0003049680672120303,2.170550033042673e-05,Acoustic_guitar
9923ddf8.wav,Acoustic_guitar,0.9998660087585449,2.443115679290815e-19,5.0020899660557e-15,4.302583329263143e-05,4.7547212694842855e-11,8.008931035874411e-05,4.6990294322313275e-08,7.428403725473487e-11,1.0834503882506397e-05,6.986208944681493e-08,Acoustic_guitar
32dee61b.wav,Acoustic_guitar,0.9070218801498413,0.0025214357301592827,0.04813096299767494,0.0007299876888282597,0.012582305818796158,0.0006693589966744184,0.00010564332478679717,0.017610667273402214,8.093078940873966e-05,0.010546881705522537,Acoustic_guitar
fa4d4a92.wav,Acoustic_guitar,0.8540779948234558,1.519084946721705e-07,0.005351195111870766,0.02174384705722332,0.11774713546037674,0.0005271064583212137,7.42821669064142e-07,5.92862716075615e-06,0.0005425961571745574,3.421975634410046e-06,Acoustic_guitar
8da75280.wav,Acoustic_guitar,0.8955350518226624,2.4935754936450394e-06,0.024809403344988823,0.008684621192514896,0.05305550619959831,0.0009250802104361355,1.2988090929866303e-05,0.010343312285840511,0.005572652444243431,0.001058609108440578,Acoustic_guitar
b2261238.wav,Acoustic_guitar,0.8774835467338562,4.289758326336823e-09,0.010889091528952122,0.008821574971079826,7.36440415494144e-06,0.014549784362316132,1.0902322173933499e-05,0.02601068653166294,0.0597560778260231,0.002471134765073657,Acoustic_guitar
673defaf.wav,Acoustic_guitar,0.9980089068412781,3.0370925219180833e-10,8.999381861940492e-06,4.8375895858043805e-06,5.0316997096677696e-11,2.347386907786131e-05,2.1333846689230995e-06,0.0003103914496023208,0.00010896909225266427,0.0015321526443585753,Acoustic_guitar
e6597186.wav,Double_bass,0.30770343542099,0.00011453307524789125,0.022823918610811234,0.0004996712668798864,0.6644119620323181,6.761257827747613e-05,2.7184150894754566e-06,1.9953969967900775e-05,0.004273851402103901,8.238152804551646e-05,Double_bass
fcfafbc8.wav,Double_bass,0.07667781412601471,5.8345551224192604e-05,0.007682573050260544,0.0006770616164430976,0.9044674634933472,4.932933279633289e-07,9.259115252291394e-09,7.956681429277523e-07,0.010434587486088276,8.355482350452803e-07,Double_bass
444f9db5.wav,Double_bass,0.004922247026115656,5.585762608006917e-08,5.9994199546054006e-05,0.006252997554838657,0.9019037485122681,0.00029167940374463797,3.554140803885275e-08,0.08608629554510117,0.00016479961050208658,0.0003182119398843497,Double_bass
19893aa8.wav,Double_bass,0.016633527353405952,0.007939953356981277,0.01078793779015541,0.03993306681513786,0.9173099398612976,0.0015465050237253308,0.00020124652655795217,0.00016708759358152747,8.86087364051491e-05,0.005392109975218773,Double_bass
f042282c.wav,Double_bass,0.05455292761325836,0.006563845556229353,0.04761962965130806,0.08577125519514084,0.7677217721939087,0.003134009661152959,0.0005051683401688933,0.0012578712776303291,0.0010353868128731847,0.03183808922767639,Double_bass
95e1d0ae.wav,Double_bass,0.09022670239210129,0.0020710600074380636,0.0752301961183548,0.018837666139006615,0.7881247401237488,0.00030320242512971163,0.0006821908755227923,0.023533497005701065,3.349718463141471e-05,0.000957254960667342,Double_bass
595c191d.wav,Double_bass,0.10395069420337677,0.00030769474687986076,0.0011533196084201336,0.0012261014198884368,0.8631396293640137,0.00041677450644783676,1.2156299362686696e-06,0.0196499302983284,0.005345585756003857,0.0048091961070895195,Double_bass
8073923c.wav,Double_bass,0.5969719886779785,1.489393525844207e-06,0.10975614190101624,0.001303982688114047,0.25542426109313965,0.0018636638997122645,7.952270971145481e-05,5.199826409807429e-05,0.034429073333740234,0.00011795447062468156,Acoustic_guitar
6efbaf90.wav,Double_bass,0.012754715979099274,0.0010339643340557814,0.038624972105026245,0.0006726568099111319,0.9458307027816772,0.0001513333700131625,3.19776518153958e-05,0.00028391805244609714,7.44424105505459e-05,0.000541363435331732,Double_bass
642ad7e4.wav,Double_bass,0.09590141475200653,0.00020386534743010998,0.11112204194068909,0.00020098997629247606,0.7878599166870117,0.00014452196774072945,5.8724674545374e-07,0.0003507958026602864,0.0028486093506217003,0.0013672324130311608,Double_bass
5eadbc6d.wav,Double_bass,0.05470602959394455,0.0003996024024672806,0.022433560341596603,0.03960585221648216,0.834201455116272,0.0020372550934553146,0.00012557997251860797,0.010833222419023514,0.00025667352019809186,0.035400841385126114,Double_bass
1a7d3f2d.wav,Double_bass,0.25369033217430115,1.359077577944845e-05,0.2435240000486374,0.021043850108981133,0.4625300168991089,3.239206489524804e-05,2.5494628062006086e-05,3.874837057082914e-05,0.019072862342000008,2.8786100301658735e-05,Double_bass
13da16ae.wav,Double_bass,0.0008198808645829558,0.0002199839218519628,0.000758569163735956,0.00693164300173521,0.9912160634994507,1.5278510545613244e-05,3.2157736473692466e-09,3.140054104733281e-05,2.491690565875615e-06,4.788202204508707e-06,Double_bass
103f29e5.wav,Double_bass,0.016223318874835968,3.993773498223163e-05,0.00016443651111330837,0.009719469584524632,0.951637864112854,0.012700625695288181,4.650037155329301e-08,0.00037647277349606156,1.1785054084612057e-05,0.009125929325819016,Double_bass
da8ea649.wav,Double_bass,0.08151872456073761,0.003104109549894929,0.002160672564059496,0.0014512495836243033,0.9101404547691345,1.163287493000098e-06,5.214205955894613e-08,6.839950401626993e-06,0.0016156780766323209,1.1324806337142945e-06,Double_bass
ca348cbb.wav,Double_bass,0.23097942769527435,7.168843012550496e-07,0.04310578107833862,4.104824984096922e-05,0.7252927422523499,4.256119609635789e-06,2.9543459731939947e-06,2.347593181184493e-06,0.0005693408893421292,1.4235023400033242e-06,Double_bass
8ce2e863.wav,Double_bass,0.0001945077528944239,0.00016950596182141453,4.555738632916473e-05,0.0018109297379851341,0.9977781772613525,8.264338475783006e-07,1.7130707874457585e-07,1.49175505725907e-07,4.704552480916391e-08,1.3378614482917328e-07,Double_bass
462b676f.wav,Double_bass,0.04942696914076805,0.000174207758391276,0.01614554226398468,0.01541605219244957,0.8732877969741821,0.016019968315958977,6.924729518686945e-07,0.001520311227068305,0.02126583829522133,0.006742671597748995,Double_bass
b428466c.wav,Double_bass,0.03007691167294979,0.0007349707302637398,0.007947845384478569,0.00011107636237284169,0.9601292610168457,0.0006562830531038344,1.2403608025124413e-06,2.7843338102684356e-05,6.281809419306228e-06,0.0003082840412389487,Double_bass
4fd883bb.wav,Double_bass,0.15793970227241516,3.268577302151243e-07,0.017182905226945877,0.008309325203299522,0.8138298988342285,1.9110557332169265e-05,4.51837604487082e-06,1.4653192010882776e-06,0.0026958270464092493,1.6887597666936927e-05,Double_bass
2ac8b94f.wav,Double_bass,0.01486167125403881,0.00034371906076557934,0.0793261006474495,0.0002675391733646393,0.6555642485618591,0.12243257462978363,0.002343702595680952,0.01744709350168705,0.009035618975758553,0.09837769716978073,Double_bass
c840804f.wav,Double_bass,0.032816726714372635,0.0009301551035605371,0.04158071428537369,1.3769815723208012e-06,0.9244474768638611,1.8104732589563355e-05,8.078118298726622e-07,0.00010454132279846817,1.64309712999966e-05,8.376529876841232e-05,Double_bass
f63f3703.wav,Double_bass,0.006548960693180561,0.00033215427538380027,0.0065606739372015,8.883789996616542e-05,0.9828762412071228,0.00019671331392601132,8.774693014856894e-06,2.280173475810443e-06,4.0541854104958475e-05,0.0033447393216192722,Double_bass
c0ddf010.wav,Double_bass,0.08019699901342392,0.0034885734785348177,0.04670707508921623,9.452155063627288e-05,0.8651408553123474,0.00025681796250864863,4.688911758421455e-06,5.6837288866518065e-05,9.603118087397888e-05,0.0039575244300067425,Double_bass
a0cbe92e.wav,Double_bass,0.005562561098486185,0.010549415834248066,0.003339452436193824,0.04160894453525543,0.9298973083496094,0.0011619055876508355,0.00018928064673673362,2.4605160433566198e-05,0.0006967788795009255,0.006969657726585865,Double_bass
4fb480bf.wav,Double_bass,0.02354331500828266,0.08697327971458435,0.0543164387345314,0.0374600812792778,0.7747146487236023,0.0051497905515134335,0.0010534516768530011,0.00027876446256414056,0.001175996963866055,0.015334194526076317,Double_bass
9dd0141c.wav,Double_bass,0.020721668377518654,3.3715914469212294e-05,0.06117492914199829,0.0007523043313995004,0.8140792846679688,0.07169736176729202,6.849328997304838e-07,0.0009810652118176222,0.02511705458164215,0.005441959947347641,Double_bass
deb87700.wav,Double_bass,0.0038790092803537846,0.003409993601962924,0.024528492242097855,0.15876410901546478,0.7454262375831604,0.05600986257195473,0.0004401471232995391,0.0007189608877524734,0.005586476996541023,0.0012367194285616279,Double_bass
e0ecd1a6.wav,Double_bass,0.4202544093132019,0.0004171207547187805,0.08911741524934769,0.04968290403485298,0.4102024734020233,0.002157120034098625,4.67922427560552e-06,0.0011797905899584293,0.023157348856329918,0.0038267718628048897,Acoustic_guitar
0286fc27.wav,Double_bass,0.030876994132995605,0.0023985672742128372,0.009273317642509937,0.020691996440291405,0.930640697479248,0.0024983901530504227,0.00023735102149657905,6.803723226767033e-05,0.000519658497069031,0.0027949551586061716,Double_bass
e2d993ec.wav,Cello,0.03241845220327377,0.0014376144390553236,0.8819583654403687,0.001275907619856298,0.011169424280524254,0.043899763375520706,0.0001982579124160111,0.009554697200655937,0.006853863131254911,0.011233724653720856,Cello
0091fc7f.wav,Cello,0.03389597311615944,0.00043226146954111755,0.7624425888061523,0.041887570172548294,0.00742513919249177,0.07563026994466782,0.00020238806609995663,0.04312272369861603,0.012475797906517982,0.0224853977560997,Cello
e55c5160.wav,Cello,0.0024746751878410578,0.0005776476464234293,0.8918818831443787,0.013882867060601711,0.00139460654463619,0.03902342543005943,3.264737460995093e-05,0.017729151993989944,0.008727123960852623,0.0242758896201849,Cello
a59b5a08.wav,Cello,0.03155200183391571,0.013428297825157642,0.8690820932388306,0.02712968736886978,0.016681188717484474,0.009764797985553741,0.0008564922609366477,0.0014325293013826013,0.0034496875014156103,0.026623157784342766,Cello
88500b88.wav,Cello,0.008877798914909363,0.0007137919892556965,0.7893116474151611,0.005808487068861723,0.0006947990041226149,0.09268148988485336,8.104856533464044e-05,0.08509925752878189,0.012611518613994122,0.0041199843399226665,Cello
743ae0f9.wav,Cello,0.023733939975500107,0.004518668167293072,0.8030470013618469,0.02395453117787838,0.085800901055336,0.006031004246324301,0.0009549622191116214,0.010665141977369785,0.002070960821583867,0.03922301530838013,Cello
9e3bc1b6.wav,Cello,0.020814303308725357,2.7858342946274206e-05,0.9478418827056885,0.0073628914542496204,0.003083057003095746,0.0035483837127685547,5.9791353123728186e-05,0.0067625995725393295,0.010079565457999706,0.0004197701928205788,Cello
3e2bddda.wav,Cello,0.008736345916986465,0.0001307635975535959,0.812758207321167,0.008722794242203236,0.00029140745755285025,0.036105480045080185,0.0005737534374929965,0.05719472095370293,0.03817105293273926,0.037315431982278824,Cello
d328db67.wav,Cello,0.0014042205875739455,4.979782715963665e-06,0.9686619639396667,0.011882750317454338,0.0003654894244391471,0.00924142450094223,8.721475751372054e-06,0.0034801519941538572,0.004338716622442007,0.0006116608274169266,Cello
7d896090.wav,Cello,0.03972244635224342,0.0013453136198222637,0.746815025806427,0.012262839823961258,0.0026027518324553967,0.0583992674946785,0.00028587187989614904,0.08941550552845001,0.037042953073978424,0.01210811361670494,Cello
4bff8f32.wav,Cello,0.04455309361219406,0.0006924693007022142,0.9004393219947815,0.003712053643539548,0.04584427550435066,0.00011923689453396946,0.0004754592082463205,0.0038262701127678156,0.00021067495981696993,0.00012726215936709195,Cello
5e5bca7a.wav,Cello,0.017318157479166985,0.006714221090078354,0.9166510105133057,0.016207220032811165,0.013678512535989285,0.002278384054079652,0.0004157900984864682,0.002798529574647546,0.001727724215015769,0.02221006155014038,Cello
811bf309.wav,Cello,0.034542933106422424,0.006290166173130274,0.8858901858329773,0.0008882061811164021,0.0029687341302633286,0.000986581901088357,0.0003648957354016602,0.0020243392791599035,0.019673215225338936,0.046370744705200195,Cello
5689818f.wav,Cello,0.01938311941921711,0.004451122600585222,0.9233080744743347,0.00043732739868573844,0.013154301792383194,0.0050530750304460526,0.0002960170095320791,0.0037635494954884052,0.0028880788013339043,0.027265572920441628,Cello
81d9f077.wav,Cello,0.004587984178215265,0.00021125542116351426,0.9025735259056091,0.030394110828638077,0.02088436670601368,0.0017280878964811563,5.7200802984880283e-05,0.03942842409014702,2.4721062800381333e-05,0.00011035053466912359,Cello
00353774.wav,Cello,0.0036251323763281107,0.0004773639084305614,0.92882239818573,0.0014968567993491888,9.769762982614338e-05,0.03821945562958717,0.0008522350108250976,0.0035065310075879097,0.0065009077079594135,0.016401518136262894,Cello
6a210ffa.wav,Cello,0.026250898838043213,5.189150033402257e-05,0.8596086502075195,0.011361598037183285,0.08139418810606003,0.004239832051098347,0.0003807510656770319,0.0018960548331961036,0.011609723791480064,0.003206301014870405,Cello
e97d9707.wav,Cello,0.011966775171458721,0.0004101402882952243,0.8749598860740662,0.012336482293903828,0.003247901564463973,0.014266172423958778,0.00015457904373761266,0.03708624467253685,0.04342132434248924,0.0021505658514797688,Cello
238b16a5.wav,Cello,0.06390197575092316,3.546991365510621e-06,0.803905189037323,0.009269649162888527,0.1069420725107193,0.0013380039017647505,7.722136797383428e-05,0.006998219061642885,0.001595628447830677,0.005968395620584488,Cello
dc5be9d7.wav,Cello,0.027326904237270355,6.47962442599237e-05,0.9241477251052856,0.013661748729646206,0.012698929756879807,0.0029846178367733955,0.00010033653961727396,0.01332523301243782,0.000902326893992722,0.004787377547472715,Cello
f9653de8.wav,Cello,0.0890127643942833,0.015526731498539448,0.762277364730835,0.010737885721027851,0.09330463409423828,0.0009312530164606869,0.00041604225407354534,0.0014588298508897424,9.429416240891442e-05,0.026240170001983643,Cello
31dbc5c0.wav,Cello,0.03086988814175129,0.0005713306600227952,0.8824566602706909,0.0059610879980027676,0.004891676362603903,0.030893288552761078,3.710305827553384e-05,0.005201804451644421,0.0004462703946046531,0.03867092356085777,Cello
cbc8d551.wav,Cello,0.031892627477645874,0.015296867117285728,0.8508673906326294,0.014510078355669975,0.0052114143036305904,0.010286092758178711,0.0005576359108090401,0.026180820539593697,0.01802975684404373,0.027167364954948425,Cello
195f544d.wav,Cello,0.023213690146803856,0.0003085013013333082,0.7703770399093628,0.01319950632750988,0.000957678013946861,0.037809550762176514,0.016455577686429024,0.04010783135890961,0.009909626096487045,0.08766103535890579,Cello
22bea889.wav,Cello,0.059965651482343674,3.993579957750626e-05,0.8388470411300659,0.034054946154356,0.04403858259320259,0.001887272926978767,0.00017167662736028433,0.003287512343376875,0.01628638245165348,0.0014210285153239965,Cello
ab8e8ae3.wav,Cello,0.01602873206138611,9.435848915018141e-05,0.9598884582519531,0.008966481313109398,0.002656460739672184,0.009923773817718029,0.0001360560127068311,0.0014708099188283086,0.00022082713257987052,0.0006140249315649271,Cello
e70c41d4.wav,Cello,0.000465551478555426,8.98790290193574e-07,0.7465494871139526,0.010734801180660725,4.645337685360573e-05,0.09517289698123932,4.4741991587216035e-05,0.12430460005998611,0.0059260777197778225,0.016754504293203354,Cello
125e6ccf.wav,Cello,0.0013027192326262593,1.9033823264180683e-05,0.9836449027061462,0.004519093781709671,0.0013682040153071284,0.001540832919999957,1.6323563613696024e-05,0.0001854036672739312,0.006692036986351013,0.0007113367319107056,Cello
2da9e12a.wav,Cello,0.023492103442549706,0.0004618624225258827,0.8948739171028137,0.005236911121755838,0.035350389778614044,0.018821783363819122,2.1813784769619815e-05,0.018963566049933434,0.001814950373955071,0.0009627043036743999,Cello
34e4d187.wav,Cello,0.0801398754119873,0.003815989475697279,0.7769997119903564,0.002574796788394451,0.08948729932308197,0.015040550380945206,0.0011899982346221805,0.013911266811192036,0.004405470099300146,0.012435080483555794,Cello
52e54bdd.wav,Bass_drum,0.017739396542310715,0.43489423394203186,0.2331872284412384,0.10307110846042633,0.15830886363983154,0.008831923827528954,0.0019022066844627261,0.0019094584276899695,0.001490062684752047,0.038665417581796646,Bass_drum
6d21ad67.wav,Bass_drum,0.001137762563303113,0.848848283290863,0.12550528347492218,0.006357907317578793,0.008392701856791973,0.0005144192255102098,0.00011089847248513252,0.004706657025963068,0.004217799752950668,0.00020833413873333484,Bass_drum
ca3f3698.wav,Bass_drum,0.00016294365923386067,0.9318809509277344,6.528567610075697e-05,4.64125769212842e-05,0.06776923686265945,6.286358711804496e-06,1.5685826326716779e-07,5.632346073980443e-05,2.2715385057381354e-06,1.0158135410165414e-05,Bass_drum
aa9ae956.wav,Bass_drum,1.0090008800034411e-05,0.7730610966682434,0.015223036520183086,0.015714919194579124,0.18031765520572662,0.0001810302201192826,3.65971791325137e-05,0.00018844855367206037,1.493003651376057e-06,0.01526564359664917,Bass_drum
0ddb4bdf.wav,Bass_drum,0.00017218943685293198,0.6065753698348999,0.022269736975431442,0.033258043229579926,0.33464401960372925,0.0005749328411184251,0.0006430561188608408,0.00011019992962246761,9.039848009706475e-06,0.0017434401670470834,Bass_drum
921eee9d.wav,Bass_drum,0.017987599596381187,0.6882490515708923,0.059415798634290695,0.15829996764659882,0.004929771181195974,0.00028382992604747415,0.0031474491115659475,0.023023633286356926,0.04202691838145256,0.0026360757183283567,Bass_drum
c153f347.wav,Bass_drum,0.0015001932624727488,0.8944007158279419,0.0010206730803474784,0.0006910389638505876,0.09825587272644043,4.3075619942101184e-06,6.029704309185036e-07,0.0018877802649512887,0.0022088338155299425,2.9941085813334212e-05,Bass_drum
63e0ab2c.wav,Bass_drum,2.4354128981940448e-05,0.9753356575965881,0.0029742945916950703,0.0004966641427017748,0.017471089959144592,1.1634133443294559e-05,1.0522880074859131e-05,9.276674245484173e-05,4.509146492637228e-06,0.0035784891806542873,Bass_drum
88780eac.wav,Bass_drum,0.022617191076278687,0.767131507396698,0.01474673394113779,0.012147891335189342,0.052830204367637634,0.0228313896805048,0.005324588622897863,0.003945834934711456,0.08498889952898026,0.01343574095517397,Bass_drum
bea51ca5.wav,Bass_drum,0.0019019764149561524,0.6430525779724121,0.0008997367694973946,0.0007846885127946734,0.11500968039035797,0.11584217846393585,4.4683385880261994e-08,0.004650080110877752,0.0006875739200040698,0.11717148125171661,Bass_drum
f26131d8.wav,Bass_drum,0.00022139969223644584,0.6646092534065247,0.0012054677354171872,0.1494726538658142,0.004006628412753344,0.010293751023709774,3.325403304188512e-05,0.16415531933307648,0.0006972844712436199,0.005305067170411348,Bass_drum
ce75b5ce.wav,Bass_drum,0.0002261002518935129,0.8130033612251282,0.0007318210555240512,0.004968883935362101,0.010807028971612453,0.0008831049781292677,2.2593092580791563e-05,0.1616296023130417,0.006146278232336044,0.0015811850316822529,Bass_drum
565f3ee2.wav,Bass_drum,0.00096334726549685,0.710645318031311,0.11796913295984268,0.07860067486763,0.06342364847660065,0.0002801947412081063,0.0014162104343995452,0.026328865438699722,1.8636421373230405e-05,0.0003539533936418593,Bass_drum
ff11628d.wav,Bass_drum,0.0002338624035473913,0.748759388923645,0.04525317996740341,0.06501840800046921,0.12795905768871307,0.0005991441430523992,0.00032429027487523854,0.000356947974069044,1.72667860169895e-05,0.01147848553955555,Bass_drum
cdfc8967.wav,Bass_drum,0.007070673163980246,0.5702320337295532,0.057260893285274506,0.08416695892810822,0.22870197892189026,0.010896198451519012,0.004862804897129536,0.0007201206171885133,0.0023953185882419348,0.03369305282831192,Bass_drum
f8a99b37.wav,Bass_drum,2.411190143902786e-05,0.893097996711731,0.010673378594219685,0.005222488660365343,0.08810795843601227,0.00010350210504839197,4.839998291572556e-05,0.0002605936024338007,3.7707152387156384e-06,0.002457892755046487,Bass_drum
809ea09e.wav,Bass_drum,7.113700121408328e-05,0.9178005456924438,0.005677381064742804,0.0036689091939479113,0.06663684546947479,6.127460801508278e-05,7.01682802173309e-05,0.00039319731877185404,2.2951406208449043e-05,0.005597566720098257,Bass_drum
03fc1f96.wav,Bass_drum,0.10130079835653305,0.29491180181503296,0.12789644300937653,0.016375482082366943,0.36034059524536133,0.025217881426215172,5.5675416660960764e-05,0.06239556521177292,0.007550791837275028,0.003954944666475058,Double_bass
8b6a16de.wav,Bass_drum,7.41321564419195e-05,0.9358789920806885,2.697254967642948e-05,1.3529733223549556e-05,0.0639733374118805,1.6019806707845419e-06,2.2588066528328454e-08,2.7582178518059663e-05,1.2907986501886626e-06,2.6376953883300303e-06,Bass_drum
7dda9dc2.wav,Bass_drum,0.17133866250514984,0.21821175515651703,0.06926719099283218,0.06886111199855804,0.43371903896331787,0.006564799230545759,0.00210472010076046,0.0011840395163744688,0.026405302807688713,0.002343424828723073,Double_bass
3a9085ca.wav,Bass_drum,0.006995991803705692,0.6907721757888794,0.03340010344982147,0.00023310919641517103,0.016568120568990707,0.00010137609206140041,0.00012227696424815804,0.065076544880867,0.15621915459632874,0.030511006712913513,Bass_drum
4ba2b70e.wav,Bass_drum,2.169859544665087e-05,0.6874859929084778,0.0003353639040142298,0.00012364315625745803,0.0016796005656942725,2.1514928448596038e-05,5.53673862668802e-06,0.30456486344337463,0.0033932868391275406,0.002368467627093196,Bass_drum
01c2f88b.wav,Bass_drum,0.002525113755837083,0.6080873608589172,0.026064179837703705,0.2105376273393631,0.1262430101633072,0.01886155642569065,0.000802715600002557,0.00010719255806179717,0.0005823280080221593,0.0061888727359473705,Bass_drum
ce3f3400.wav,Bass_drum,0.12848712503910065,0.3700081706047058,0.22718769311904907,0.10767582058906555,0.04132416471838951,0.0009890771470963955,0.0016645912546664476,0.03885539248585701,0.004316654056310654,0.07949128746986389,Bass_drum
6a96272b.wav,Bass_drum,0.0017952080816030502,0.6252090930938721,0.003596705850213766,0.005112886428833008,0.352894127368927,6.591254350496456e-05,1.4436093351832824e-06,0.0036746736150234938,0.007564936298877001,8.493376662954688e-05,Bass_drum
9adffd44.wav,Bass_drum,0.003504823660477996,0.9301577210426331,0.003329772036522627,0.00013146489800419658,0.06269103288650513,5.336806134437211e-05,3.4543306810519425e-06,5.424653863883577e-05,4.305518359615235e-06,6.982307240832597e-05,Bass_drum
7d11b3b4.wav,Bass_drum,0.0007167135481722653,0.985259473323822,0.0006225379183888435,0.0001268222986254841,0.010579485446214676,1.3614373983728e-06,5.083649625703401e-07,0.0023465596605092287,0.00031789159402251244,2.861037319235038e-05,Bass_drum
bab98261.wav,Bass_drum,0.0004941277438774705,0.990069568157196,0.00017222714086528867,4.484828241402283e-05,0.008379010483622551,2.158979441446718e-06,5.417135184870858e-07,0.000328344147419557,0.0004847017989959568,2.4551090973545797e-05,Bass_drum
c11bacda.wav,Bass_drum,0.02360437996685505,0.7257561087608337,0.09815066307783127,0.024881213903427124,0.08041851967573166,0.02389085665345192,0.0019515407038852572,0.012028166092932224,0.0015355461509898305,0.007783014327287674,Bass_drum
9a4bfb69.wav,Bass_drum,0.008131315931677818,0.49780407547950745,0.06936903297901154,0.030441394075751305,0.36330899596214294,0.02342337928712368,0.00029150902992114425,0.0005295114824548364,0.0022795400582253933,0.004421271849423647,Bass_drum
18865530.wav,Flute,0.0008148494525812566,7.691479397831102e-11,2.772424886643421e-05,0.00023866293486207724,2.646617076607072e-07,0.9759532809257507,4.898673068964854e-05,3.943180217902409e-06,0.02268839068710804,0.00022410729434341192,Flute
9f6eac9c.wav,Flute,5.119519119034521e-05,8.143213676703454e-07,0.0014050561003386974,0.021537505090236664,1.152420850303315e-06,0.9476232528686523,0.0011890116147696972,0.013711384497582912,0.010748137719929218,0.003732580691576004,Flute
07db7f16.wav,Flute,0.0004190298786852509,0.0013713884400203824,0.004193913657218218,0.059029098600149155,0.008453947491943836,0.9249265193939209,0.00035261534503661096,3.481643943814561e-05,0.0005298594478517771,0.0006887019262649119,Flute
dc6676ff.wav,Flute,1.7180684153572656e-05,2.2227450813261385e-07,0.0005485495203174651,0.0160385649651289,8.87898252699415e-08,0.9799520969390869,0.0002426057035336271,0.0016915536252781749,0.00029357915627770126,0.0012154194992035627,Flute
3eaddda8.wav,Flute,0.02362886443734169,3.4378558666503523e-06,0.038758859038352966,0.05145949125289917,4.775940760737285e-05,0.8217300772666931,4.025403904961422e-05,0.04394282400608063,0.0008870672900229692,0.019501429051160812,Flute
1b93aeba.wav,Flute,0.00019848324882332236,2.449914404678566e-08,6.57822165521793e-05,0.001377152861095965,8.671887599120964e-07,0.9759952425956726,8.725538464204874e-06,3.9371509046759456e-05,0.01927359215915203,0.0030408003367483616,Flute
c683f28f.wav,Flute,0.02333414927124977,1.3256600368549698e-06,4.9981128540821373e-05,0.061935506761074066,1.2099872037651949e-06,0.9059239029884338,9.095838909541423e-14,0.00023789693659637123,7.227449194679991e-11,0.008516088128089905,Flute
55d52a69.wav,Flute,0.00037189011345617473,0.0038191720377653837,0.005271595437079668,0.020295990630984306,0.0032970064785331488,0.9646152257919312,0.00044705800246447325,0.00055281090317294,0.0008364411187358201,0.0004928117268718779,Flute
ca8653d2.wav,Flute,0.00030336325289681554,0.00017148144252132624,0.012431888841092587,0.011532795615494251,0.0015456874389201403,0.9428961873054504,3.816895514319185e-06,0.027599675580859184,0.0004051676660310477,0.0031100227497518063,Flute
6b27a847.wav,Flute,2.563462476246059e-05,1.3897690678277286e-06,0.017502859234809875,0.02848503738641739,1.1724959136927282e-07,0.9531693458557129,7.316138180613052e-06,0.0004640069091692567,9.0488892965368e-06,0.000335230550263077,Flute
4bcc8a77.wav,Flute,0.018978729844093323,1.4723181038789335e-06,7.276860742422286e-06,0.0013334513641893864,5.838806464453228e-05,0.9343403577804565,1.0242467396892607e-05,4.02358164137695e-05,0.04491114988923073,0.0003186682297382504,Flute
84f5b84b.wav,Flute,0.0004070479772053659,3.443578680162318e-05,0.0007876091403886676,0.012999757193028927,1.384446477459278e-06,0.9721260666847229,3.169880746778375e-10,0.0007682587602175772,1.6778525235849884e-08,0.01287553645670414,Flute
5d73ee6f.wav,Flute,0.004184960387647152,0.0033555785194039345,0.01146099716424942,0.09643401950597763,0.0034676124341785908,0.7894532084465027,0.0005256137228570879,0.03668446093797684,0.03114745393395424,0.023286012932658195,Flute
5d040c3b.wav,Flute,0.0002850612218026072,5.533448188543844e-07,0.0006387674948200583,3.204425229341723e-05,0.0001488480920670554,0.9727151989936829,9.784221788322611e-08,0.004841409157961607,0.020976612344384193,0.0003614602901507169,Flute
6a037ddf.wav,Flute,0.000962485617492348,0.005653083324432373,0.013308994472026825,0.038764793425798416,0.004550942685455084,0.9270583391189575,0.0005634850240312517,0.002156720031052828,0.00038924822001717985,0.006591929588466883,Flute
35e97db3.wav,Flute,1.911083652439416e-10,2.040206331920544e-15,4.1179767928944955e-10,1.815573114072322e-07,2.1553624770381807e-12,0.9999998211860657,6.662996376860519e-09,8.822060859614567e-10,4.983371354461141e-11,2.8142064234515374e-09,Flute
d14f5df1.wav,Flute,0.012492469511926174,6.464227681135526e-06,0.02252340316772461,0.007258519995957613,0.00019416995928622782,0.9032762050628662,5.227762085269205e-05,0.0422087199985981,6.478334398707375e-05,0.01192298624664545,Flute
9f522cda.wav,Flute,0.00011041488323826343,1.6319900453254377e-07,2.5504978111712262e-05,0.03751445561647415,7.187548817455536e-06,0.9415575861930847,0.00022199244995135814,0.0035284680780023336,0.0010498636402189732,0.015984337776899338,Flute
fe76c972.wav,Flute,0.012011920101940632,6.600430424441583e-07,0.015289529226720333,0.03752535209059715,1.2192647773190401e-05,0.912720263004303,7.69298003433505e-06,0.021876875311136246,2.040762410615571e-05,0.0005350916180759668,Flute
562d93f5.wav,Flute,0.008316420018672943,0.00019103627710137516,0.00818288791924715,0.061291903257369995,0.011359485797584057,0.8772888779640198,0.00309812743216753,0.003369141137227416,0.014964557252824306,0.011937595903873444,Flute
fa32109e.wav,Flute,0.0001836050214478746,6.971102266106755e-05,0.020947910845279694,0.04398498684167862,3.7750407500425354e-05,0.9294655919075012,0.0002871817268896848,0.0025560606736689806,0.00020353900617919862,0.002263357862830162,Flute
b4b2b68d.wav,Flute,0.01580832712352276,6.922640022821724e-05,0.017876220867037773,0.04485118016600609,0.0007515903562307358,0.8745090961456299,0.0003642651136033237,0.012136581353843212,0.012835497036576271,0.020797939971089363,Flute
af227d6f.wav,Flute,0.0027462916914373636,6.391848728526384e-05,0.028260059654712677,0.13014031946659088,3.068344813073054e-05,0.7845141291618347,0.004361046012490988,0.0397205725312233,0.0004937922931276262,0.009669055230915546,Flute
85d6a7d2.wav,Flute,0.002284945221617818,3.433071697145351e-06,0.017339659854769707,0.07792610675096512,3.2266693779092748e-06,0.8695021271705627,9.400206181453541e-06,0.028392024338245392,1.2574663742270786e-05,0.004526624456048012,Flute
3707da71.wav,Flute,0.005682698450982571,1.829449502110947e-05,0.009049844928085804,0.12812867760658264,4.036784957861528e-06,0.8208974599838257,0.0003169959527440369,0.013574446551501751,0.01967678591609001,0.0026506739668548107,Flute
61c914b1.wav,Flute,1.4065306459087878e-05,8.604415313584468e-08,0.0018407400930300355,0.09546451270580292,4.991307491764019e-07,0.9024062156677246,2.329572907910915e-06,4.610102769220248e-05,3.323061901028268e-05,0.00019222205446567386,Flute
f5e20dce.wav,Flute,0.025594418868422508,2.738535158641753e-07,0.06332796812057495,0.023934468626976013,0.001382689457386732,0.8418185114860535,0.0007464532973244786,0.03243651241064072,0.009656373411417007,0.0011023867409676313,Flute
b0d9849d.wav,Flute,0.0024737571366131306,0.002186419675126672,0.013220223598182201,0.05699522793292999,0.003839722368866205,0.8925723433494568,0.0001428686227882281,0.02247501164674759,0.003500563558191061,0.0025937084574252367,Flute
6ef82473.wav,Flute,0.011312407441437244,4.190334948361851e-06,0.01844068616628647,0.024742120876908302,0.00752421747893095,0.902349591255188,0.006656931713223457,0.01968103088438511,0.00019476581655908376,0.009093969129025936,Flute
8986cced.wav,Flute,0.0008218904840759933,5.283681758783132e-08,6.571519770659506e-05,7.310775981750339e-05,9.960122042684816e-06,0.9799357652664185,1.0901299901888706e-05,4.591817196342163e-05,0.018924040719866753,0.00011280355101916939,Flute
a64a3740.wav,Clarinet,2.213815086804516e-08,1.1675672906795442e-13,2.671595211722888e-05,0.9864948391914368,3.044272056662578e-10,0.013390381820499897,2.143372876162175e-05,4.1736480937970555e-08,1.431319507361195e-08,6.661285442532972e-05,Clarinet
ad7ec8cb.wav,Clarinet,1.3043389701650199e-09,1.8745457456789162e-15,1.548435648146551e-06,0.9997782111167908,3.5209028482465973e-14,0.00013343308819457889,1.2383523539938324e-08,2.9228169751149835e-07,3.5909053508476063e-07,8.62366141518578e-05,Clarinet
8ee44fb5.wav,Clarinet,0.0005365808610804379,1.8800185949577157e-14,3.9885957647811665e-08,0.9967970252037048,3.3332975135635934e-07,0.00222781952470541,4.298173905681324e-07,4.648282470043341e-07,8.383221938856877e-06,0.0004289956414140761,Clarinet
7eb959ec.wav,Clarinet,0.0011212476529181004,3.746158938611188e-07,0.0015050225192680955,0.9655678868293762,1.1907262887689285e-05,0.01058011781424284,2.0960907932021655e-05,0.020846650004386902,0.0001111213568947278,0.00023463326215278357,Clarinet
e51e1770.wav,Clarinet,7.299734716070816e-05,3.847349522301258e-12,3.0528241040883586e-05,0.9770607948303223,3.0649541713501094e-06,0.02069597691297531,0.0019485853845253587,6.243973530217772e-06,3.6483441363088787e-05,0.00014525646110996604,Clarinet
3f7e6da8.wav,Clarinet,0.00010822593321790919,2.8906735945882778e-12,0.00012520379095803946,0.9988120794296265,1.0880267836910207e-05,0.0001873962755780667,4.855738370679319e-05,4.396796612127218e-06,0.0006964507629163563,6.7938831307401415e-06,Clarinet
3cbe9902.wav,Clarinet,0.0007141143432818353,0.002131940331310034,0.010574263520538807,0.9558343887329102,0.007847601547837257,0.016772491857409477,0.0005869856686331332,0.0005899281240999699,0.0008094588993117213,0.004138935822993517,Clarinet
9a722e53.wav,Clarinet,6.0303786995064e-06,5.349978099422614e-11,1.5601385427999048e-07,0.9974197149276733,0.000457572314189747,3.733181438292377e-05,1.511165059753239e-08,0.0017074313946068287,0.00036328399437479675,8.57635859574657e-06,Clarinet
19105b8a.wav,Clarinet,0.0256228968501091,2.5329691766273754e-07,0.008319883607327938,0.9177608489990234,0.0004104619147256017,0.020453622564673424,6.964404747122899e-05,0.0052642966620624065,0.0013750760117545724,0.020722972229123116,Clarinet
1f81cc2b.wav,Clarinet,8.865799463819712e-05,3.823156191629096e-08,0.0004696552350651473,0.953681468963623,1.6313964806613512e-05,0.010548120364546776,5.074963155493606e-06,0.008975261822342873,0.02499839849770069,0.0012173773720860481,Clarinet
44c5094c.wav,Clarinet,3.5317034985382634e-07,1.0002079164905808e-09,0.00014259065210353583,0.997342050075531,1.1618840112248563e-08,0.0006630452116951346,2.40075212314117e-12,0.00026104101561941206,5.39588853598616e-08,0.0015907797496765852,Clarinet
5506629f.wav,Clarinet,0.0019960252102464437,5.810788934468292e-06,0.001033708336763084,0.9334237575531006,0.005951839964836836,0.05378991365432739,8.995307143777609e-05,0.0018702466040849686,0.0012646166142076254,0.0005741503555327654,Clarinet
ddf23920.wav,Clarinet,8.277972369796771e-07,6.627489520038575e-17,2.442949335090816e-05,0.9956572651863098,5.701190908258269e-11,0.004316210746765137,1.458299259127216e-08,2.7971925220526828e-08,8.480952745637538e-11,1.3724518339586211e-06,Clarinet
2e1cd085.wav,Clarinet,2.168365487165147e-09,1.7687978114998347e-15,1.0676506008167053e-06,0.9889101386070251,7.594286088874469e-09,0.011045840568840504,4.817557464065203e-10,1.5704379165981663e-06,9.274208423448727e-08,4.123295730096288e-05,Clarinet
dc981a38.wav,Clarinet,0.016853738576173782,1.3508007157270185e-07,0.003021202515810728,0.9170275330543518,0.00034360785502940416,0.03157012164592743,4.369431280792924e-06,0.022226955741643906,0.0002455912181176245,0.008706680499017239,Clarinet
a053797b.wav,Clarinet,0.01286206766963005,3.264701724426831e-15,1.6592043294849645e-09,0.9870496392250061,7.391830649794429e-07,3.268797809141688e-05,1.2583272201993623e-08,4.7064077079994604e-05,1.29455111164134e-06,6.6310431066085584e-06,Clarinet
f2310f0d.wav,Clarinet,0.0047960649244487286,0.0004744584730360657,0.0041582016274333,0.9745131134986877,0.0016387124778702855,0.004556767176836729,0.00013036539894528687,0.0007526149274781346,0.0002090614871121943,0.008771024644374847,Clarinet
ce65d6b5.wav,Clarinet,4.1629260522313416e-05,1.5009005149835275e-10,1.070295456884196e-05,0.9933678507804871,5.2930263336747885e-06,0.002547066891565919,9.854321660895948e-07,0.0012895854888483882,0.0026279191952198744,0.00010895957530010492,Clarinet
45de3233.wav,Clarinet,0.0008082930580712855,0.002680152887478471,0.019170470535755157,0.9501156806945801,0.005284215323626995,0.012265859171748161,0.000427475810283795,0.006230365484952927,0.0004085349210072309,0.002608951646834612,Clarinet
8916ffcd.wav,Clarinet,0.00012373639037832618,5.406260969497215e-14,4.932879704711013e-08,0.9985262751579285,1.6691327431317404e-08,0.00036556448321789503,7.66282789175024e-14,0.0009361531701870263,1.3766333628595362e-09,4.830037141800858e-05,Clarinet
e43f7db2.wav,Clarinet,1.7257575564144645e-06,4.609493065022008e-10,2.1333518816391006e-05,0.998831033706665,3.332946696410488e-10,0.0008363858214579523,1.3550147115459765e-11,2.3483264158130623e-05,3.2494228889845544e-06,0.0002827378921210766,Clarinet
3c66098d.wav,Clarinet,0.00011403109965613112,2.871083904475158e-14,6.925390152900945e-06,0.9404284358024597,1.0118911042411582e-08,0.05945003777742386,1.3566204870585352e-07,1.59176963165919e-07,7.313162964095454e-09,1.6937876523570594e-07,Clarinet
ad42e493.wav,Clarinet,0.00040777045069262385,4.06844264944084e-08,7.349268707912415e-05,0.994568407535553,3.646737968665548e-05,0.0036511453799903393,0.00031693984055891633,0.0003937337314710021,1.9533652448444627e-05,0.0005324981175363064,Clarinet
740e5bb7.wav,Clarinet,0.0010367734357714653,0.0022898362949490547,0.02829757332801819,0.8933533430099487,0.00839033629745245,0.028794916346669197,0.0004144925042055547,0.0335523784160614,0.0007977697532624006,0.0030727367848157883,Clarinet
800b401e.wav,Clarinet,0.014011196792125702,0.0005621398449875414,0.015343880280852318,0.8989273905754089,0.00941486656665802,0.039612554013729095,1.478444801250589e-06,0.020568614825606346,0.0007014780421741307,0.0008563502924516797,Clarinet
3c713bcf.wav,Clarinet,1.916957899084082e-06,0.00012551096733659506,0.019093111157417297,0.980527400970459,0.00017390075663570315,1.0468372238392476e-05,3.8982562955425237e-07,3.150998963974416e-05,1.0469425433257129e-05,2.5370207367814146e-05,Clarinet
2fc00271.wav,Clarinet,0.00018486079352442175,4.241469675481113e-10,0.00017471215687692165,0.9979726672172546,4.2669897084124386e-05,0.0002456572256051004,8.898005762603134e-05,0.000627799890935421,1.4340722373162862e-05,0.0006483997567556798,Clarinet
b0c06255.wav,Clarinet,4.305832044337876e-05,6.952495912315726e-09,0.000656777701806277,0.9641725420951843,4.094124506082153e-07,0.024992654100060463,4.557268312055385e-06,0.007053069304674864,0.001997095299884677,0.001079806126654148,Clarinet
71c6451f.wav,Clarinet,7.165318294255485e-08,3.6768654787522337e-10,3.0028388209757395e-05,0.9407520294189453,9.092115949016488e-11,0.020573483780026436,2.199903832433847e-07,0.0016310308128595352,9.11444440134801e-05,0.03692205250263214,Clarinet
5de123c3.wav,Clarinet,4.2600775486789644e-05,2.511642005487147e-10,0.0010054262820631266,0.9986321926116943,2.319967329356132e-09,0.0003037460846826434,8.397632034196079e-10,5.01539670949569e-06,8.525405064574443e-06,2.62728667621559e-06,Clarinet
